Image,Id
0a0c1df99.jpg,new_whale
0a1aa01e8.jpg,w_c4b02b0
0a1e6d6df.jpg,new_whale
0a2b7202c.jpg,w_7b098ce
0a3e0cc22.jpg,new_whale
00a4de95e.jpg,w_62bb54b
0a5fde7bd.jpg,w_576026e
0a6cdccac.jpg,w_698fcbe
0a7ebe253.jpg,w_a1a4bb2
0a9a1938c.jpg,new_whale
0a9c17b5c.jpg,w_60ce6fc
00a9dc47d.jpg,w_c6c89db
0a09ed5b4.jpg,new_whale
0a13a258f.jpg,new_whale
0a20d1ada.jpg,new_whale
0a046abcd.jpg,new_whale
0a48ec875.jpg,new_whale
00a70e649.jpg,new_whale
0a81ae4d5.jpg,w_72afa97
0a85bc882.jpg,w_5b227ec
0a85f3336.jpg,w_13c8177
0a197f5e4.jpg,new_whale
0a306deba.jpg,w_dbf7f76
0a560b251.jpg,w_e9cf335